Aahrus Moosi players,Games Played,Minutes,Assists,Points,Shots Taken,Shots Made,Field Goal Percentage,Threes Taken,Threes Made,Free Throws Taken,Free Throws Made,Turnovers,Steals,Rebounds,Offensive Rebounds,Defensive Rebounds,Fouls,Opponent Shots Against,Opponent Shots Made,Opponent Shot Percent,Point Differential
Colin Hutchison,32,399,22,113,117,55,47.008547008547,0,0,4,3,9,3,168,46,122,27,131,56,42.7480916030534, -3.03125
Akamu Phomsouvanh,32,778,107,281,220,140,63.6363636363636,0,0,2,1,23,6,113,27,86,35,254,125,49.2125984251969, -4.1875
Lae Thammavong,32,405,70,129,106,54,50.9433962264151,35,11,1,1,4,2,23,5,18,17,170,101,59.4117647058824, -0.375
Fihana Jo,32,626,173,639,458,266,58.0786026200873,153,58,2,2,30,3,113,23,90,7,206,115,55.8252427184466, 2.59375
Venniti Flautika,32,407,247,173,110,74,67.2727272727273,28,16,0,0,5,3,32,12,20,3,122,67,54.9180327868852, -0.0625
Tibiziŋag Poi,31,420,55,148,125,74,59.2,0,0,0,0,9,5,79,13,66,4,131,87,66.412213740458, 1.2258064516129
Itausŋaŋufi Utipŋiqe,31,350,30,108,105,53,50.4761904761905,0,0,2,2,6,3,59,11,48,6,110,57,51.8181818181818, 2
Kawata Hirokazu,32,773,109,267,242,132,54.5454545454545,0,0,4,3,3,3,72,14,58,19,304,145,47.6973684210526, -2.8125
Kardo Gasbërr,32,567,89,215,181,94,51.9337016574586,54,19,0,0,11,5,72,23,49,2,193,117,60.6217616580311, 0.8125
Gerard Mortlock,32,775,109,265,214,110,51.4018691588785,65,22,3,3,8,3,75,17,58,14,253,156,61.6600790513834, -3.40625
kekh okepekít,32,727,74,238,227,117,51.5418502202643,0,0,6,4,12,4,125,36,89,39,209,98,46.88995215311, -0.84375
Kiromibakeili Aludosalomundi,31,420,61,156,109,77,70.6422018348624,0,0,2,2,10,3,55,11,44,24,121,59,48.7603305785124, -0.451612903225806
Olandi Amodetsei ,31,373,50,115,109,48,44.0366972477064,43,10,4,3,5,3,36,9,27,8,143,80,55.9440559440559, 0.516129032258065
Yuguchi Tomiji,29,354,48,85,78,35,44.8717948717949,23,7,2,2,6,2,26,8,18,5,147,96,65.3061224489796, -6.72413793103448
Bob Turner,30,360,78,108,95,45,47.3684210526316,26,6,0,0,6,1,38,8,30,2,103,58,56.3106796116505, 0.833333333333333
Auspikitan Golden Falcons players,Games Played,Minutes,Assists,Points,Shots Taken,Shots Made,Field Goal Percentage,Threes Taken,Threes Made,Free Throws Taken,Free Throws Made,Turnovers,Steals,Rebounds,Offensive Rebounds,Defensive Rebounds,Fouls,Opponent Shots Against,Opponent Shots Made,Opponent Shot Percent,Point Differential
Yadingallie,32,488,74,174,152,86,56.578947368421,0,0,4,2,10,0,83,21,62,26,140,58,41.4285714285714, 0.65625
Ajanis Vealerko,32,711,91,308,204,154,75.4901960784314,0,0,0,0,12,6,196,62,134,27,242,116,47.9338842975207, 2.59375
Jesse McSteve,32,985,229,408,353,200,56.657223796034,0,0,8,8,18,15,132,36,96,39,350,158,45.1428571428571, 0.65625
Lato Ikro,32,822,113,546,411,272,66.1800486618005,0,0,2,2,29,3,77,27,50,12,326,196,60.1226993865031, -1.25
Billingulbut,32,812,325,243,198,103,52.020202020202,62,20,0,0,14,6,74,22,52,18,239,123,51.4644351464435, 0.96875
Alfred Habicht,27,511,84,180,138,90,65.2173913043478,0,0,0,0,10,9,83,27,56,18,167,91,54.4910179640719, 1.33333333333333
Phetdum Somphonpadee,29,476,79,188,140,94,67.1428571428571,0,0,0,0,5,5,65,17,48,10,176,107,60.7954545454545, 0.793103448275862
Uelv Lganne,32,556,104,224,152,112,73.6842105263158,0,0,0,0,10,6,40,13,27,22,212,112,52.8301886792453, 0.59375
Rusty Berry,31,653,108,204,159,83,52.2012578616352,56,20,0,0,4,5,54,20,34,20,243,107,44.0329218106996, 2.16129032258065
Zagësba Daho,29,375,78,123,97,50,51.5463917525773,30,14,0,0,8,1,29,8,21,7,119,68,57.1428571428571, -0.137931034482759
Naqánkló Qjodlonhámh,31,551,83,214,172,107,62.2093023255814,0,0,0,0,4,1,106,36,70,13,183,103,56.2841530054645, -0.612903225806452
pot,29,366,53,150,124,75,60.4838709677419,0,0,0,0,4,0,58,18,40,16,115,64,55.6521739130435, -2.3448275862069
Nupa Ixau,1,11,1,0,1,0,0,0,0,0,0,1,0,0,0,0,0,1,0,0, -2
Ka Kwang-Jo,8,76,9,30,23,15,65.2173913043478,0,0,0,0,0,2,10,3,7,2,30,14,46.6666666666667, 0
Ji-Min Choi,27,361,62,131,100,53,53,34,17,4,4,8,1,35,6,29,4,120,60,50, 0.407407407407407
Calto Cows players,Games Played,Minutes,Assists,Points,Shots Taken,Shots Made,Field Goal Percentage,Threes Taken,Threes Made,Free Throws Taken,Free Throws Made,Turnovers,Steals,Rebounds,Offensive Rebounds,Defensive Rebounds,Fouls,Opponent Shots Against,Opponent Shots Made,Opponent Shot Percent,Point Differential
Alukeili Asoertotrisei,31,448,58,116,105,58,55.2380952380952,0,0,0,0,12,8,72,26,46,16,162,96,59.2592592592593, -10.8064516129032
Trevor Oosterhout,32,746,180,384,303,191,63.036303630363,0,0,2,2,14,5,259,76,183,52,222,96,43.2432432432432, 5.8125
Asher Turner,32,754,139,319,255,156,61.1764705882353,0,0,10,7,16,10,72,19,53,44,257,132,51.3618677042802, 5.96875
Selby Schneiders,30,443,54,351,273,150,54.9450549450549,83,30,0,0,10,2,40,14,26,9,200,127,63.5, -10.9
Its'a Lełqutyi,32,770,332,300,209,126,60.2870813397129,59,30,0,0,12,7,71,16,55,14,242,133,54.9586776859504, 6.09375
Yoade Perch,32,751,124,286,237,142,59.915611814346,0,0,10,2,15,6,123,29,94,16,203,118,58.128078817734, 9.9375
Analu Vatthana,32,758,94,265,218,127,58.2568807339449,0,0,16,11,14,7,136,30,106,40,244,130,53.2786885245902, -3.8125
Dalton Ariesen,32,763,111,277,211,119,56.3981042654029,70,30,0,0,17,5,68,20,48,26,295,162,54.9152542372881, -4.4375
Keahi Savang,32,750,130,318,245,159,64.8979591836735,0,0,0,0,7,3,83,26,57,27,250,136,54.4, 9.6875
Michael Barnett,32,766,137,261,209,110,52.6315789473684,73,32,0,0,11,3,89,29,60,12,259,140,54.0540540540541, -4.71875
Gunther Wagenseil,29,338,25,111,111,53,47.7477477477478,0,0,8,5,6,3,63,15,48,9,90,52,57.7777777777778, 2.10344827586207
Juri McSteve,6,32,1,10,12,5,41.6666666666667,0,0,0,0,1,0,3,1,2,3,17,11,64.7058823529412, -3.33333333333333
guz,4,20,3,10,8,5,62.5,0,0,0,0,2,0,2,0,2,0,4,2,50, -1.25
Jasper Rooney,29,348,60,150,105,59,56.1904761904762,40,22,3,3,4,2,28,4,24,0,111,66,59.4594594594595, 2.10344827586207
Moke Vongsamphanh,0,0,0,0,0,0,0,0,0,0,0,0,0,0,0,0,0,0,0,0, 0
Height Sagua Cats players,Games Played,Minutes,Assists,Points,Shots Taken,Shots Made,Field Goal Percentage,Threes Taken,Threes Made,Free Throws Taken,Free Throws Made,Turnovers,Steals,Rebounds,Offensive Rebounds,Defensive Rebounds,Fouls,Opponent Shots Against,Opponent Shots Made,Opponent Shot Percent,Point Differential
Uemura Tadashi,32,635,91,183,171,87,50.8771929824561,0,0,12,9,11,7,238,50,188,26,192,102,53.125, 0.6875
Hvanne Takakazu,32,782,106,235,230,115,50,0,0,12,5,7,3,140,41,99,20,231,126,54.5454545454545, 0.71875
Atumundikeili Halapodetsei,32,760,152,567,484,227,46.900826446281,157,59,18,17,34,7,129,27,102,12,245,132,53.8775510204082, 1.4375
Marco Kautz,32,871,127,390,266,160,60.1503759398496,84,42,2,2,11,12,93,20,73,15,337,183,54.3026706231454, 0.96875
Danotra Himadolsei,32,693,277,252,202,106,52.4752475247525,73,26,0,0,9,3,81,17,64,10,225,123,54.6666666666667, 0.0625
Sagolnasei Korsobo,29,498,44,135,148,60,40.5405405405405,0,0,24,15,11,2,128,19,109,20,129,53,41.0852713178295, -0.275862068965517
Eban Hialerko,32,748,102,237,240,106,44.1666666666667,0,0,38,25,6,4,129,26,103,44,220,119,54.0909090909091, 0.09375
Vavi Vjamhá,25,357,38,146,124,73,58.8709677419355,0,0,0,0,2,5,41,8,33,5,112,63,56.25, -0.6
Sathanalat Phomsouvanh III,24,279,43,97,86,41,47.6744186046512,26,10,0,0,7,2,24,5,19,2,107,64,59.8130841121495, 0.166666666666667
Xaisomboun Saengsavang,26,419,65,133,117,57,48.7179487179487,35,12,2,2,7,5,48,9,39,14,131,64,48.8549618320611, 1
Vŕá Płońiblá,26,403,49,115,116,48,41.3793103448276,0,0,30,19,12,1,85,19,66,7,110,64,58.1818181818182, 0.615384615384615
Rezinal Naizen ,1,6,1,6,3,3,100,0,0,0,0,0,0,1,1,0,0,1,0,0, 4
hax,29,419,31,151,132,63,47.7272727272727,38,18,1,1,7,0,38,9,29,3,173,102,58.9595375722543, -0.0344827586206897
Zlágánan Głamha,28,384,57,162,136,67,49.2647058823529,46,18,0,0,6,4,45,11,34,9,131,77,58.7786259541985, -0.178571428571429
Làto Naksik,27,424,69,150,139,60,43.1654676258993,48,17,2,1,13,3,56,12,44,12,122,53,43.4426229508197, 0.0740740740740741
Key to Don Yees players,Games Played,Minutes,Assists,Points,Shots Taken,Shots Made,Field Goal Percentage,Threes Taken,Threes Made,Free Throws Taken,Free Throws Made,Turnovers,Steals,Rebounds,Offensive Rebounds,Defensive Rebounds,Fouls,Opponent Shots Against,Opponent Shots Made,Opponent Shot Percent,Point Differential
Atumbi Hisei,32,824,79,291,272,138,50.7352941176471,0,0,20,15,13,2,185,32,153,9,228,134,58.7719298245614, 0.15625
Éxànnecig Hàŕselàn,32,790,97,484,430,215,50,0,0,60,54,23,5,253,50,203,32,239,138,57.7405857740586, 0.625
Kasai Isei,32,356,70,306,237,122,51.4767932489452,64,28,6,5,21,2,102,24,78,9,122,72,59.0163934426229, -1.28125
la,32,841,144,287,271,122,45.0184501845018,85,19,2,2,20,6,101,20,81,3,266,159,59.7744360902256, -2.03125
Billingulbut,32,860,314,270,232,110,47.4137931034483,76,22,4,4,16,10,92,20,72,21,254,127,50, 0.3125
Gerard Holzer,28,473,69,152,149,75,50.3355704697987,0,0,4,2,10,5,107,21,86,2,145,85,58.6206896551724, 0.464285714285714
Kapel Hilo,32,740,69,263,249,123,49.3975903614458,0,0,24,17,6,1,125,23,102,19,229,139,60.6986899563319, -2.03125
Ijba Bexotrugo,26,486,69,165,141,76,53.9007092198582,0,0,14,13,4,5,53,12,41,6,179,101,56.4245810055866, -1.30769230769231
Alomibamobei Olalomundi,26,407,71,161,129,64,49.6124031007752,43,21,6,6,2,0,45,7,38,2,130,71,54.6153846153846, 0.192307692307692
Kaliso Hatemosei,32,656,117,162,176,74,42.0454545454545,0,0,16,14,10,0,82,11,71,7,197,112,56.8527918781726, -1.84375
Phetdum Phomsouvanh,21,231,13,55,72,27,37.5,0,0,4,1,3,1,50,9,41,2,67,39,58.2089552238806, -1.66666666666667
Aseqa Tituqu,1,6,0,0,2,0,0,0,0,0,0,0,0,2,0,2,0,2,0,0, 6
Mhokba Djamhámhoñha,32,695,94,212,199,106,53.2663316582915,0,0,0,0,7,6,68,13,55,14,255,144,56.4705882352941, 1.125
Mhoqika Pŕasa,22,285,30,104,92,52,56.5217391304348,0,0,0,0,2,3,31,7,24,2,88,46,52.2727272727273, 1.45454545454545
Nwu'ua Swotile,4,21,2,11,8,4,50,6,3,0,0,0,0,2,0,2,0,5,4,80, 2.5
Manwx Saguans players,Games Played,Minutes,Assists,Points,Shots Taken,Shots Made,Field Goal Percentage,Threes Taken,Threes Made,Free Throws Taken,Free Throws Made,Turnovers,Steals,Rebounds,Offensive Rebounds,Defensive Rebounds,Fouls,Opponent Shots Against,Opponent Shots Made,Opponent Shot Percent,Point Differential
Kiromi Kersidomobek,32,552,70,204,170,102,60,0,0,0,0,9,2,189,43,146,21,183,106,57.9234972677596, -1.375
Sol Jae-Wook,32,616,185,612,480,306,63.75,0,0,0,0,24,2,123,26,97,19,189,115,60.8465608465608, -2.34375
Ḿavwápŕi Pimh ,32,690,283,176,176,88,50,0,0,0,0,12,5,56,12,44,10,276,165,59.7826086956522, -3.25
Ok Yeong-Jin,32,643,124,254,188,106,56.3829787234043,46,12,0,0,9,6,53,8,45,7,197,111,56.3451776649746, 0.3125
Blalikki Kiixrit,32,667,107,259,188,108,57.4468085106383,49,18,4,4,7,6,61,18,43,21,212,114,53.7735849056604, 0.25
Vóbŕá Pobazłoḿokló,32,656,32,263,220,128,58.1818181818182,0,0,10,7,16,7,136,31,105,14,222,131,59.009009009009, 0.0625
Kanoa Thammavong ,17,445,66,133,127,66,51.9685039370079,0,0,2,1,7,3,77,17,60,21,149,99,66.4429530201342, -0.294117647058824
Murata Sofu,24,385,38,165,118,67,56.7796610169492,47,20,0,0,8,5,46,15,31,5,126,66,52.3809523809524, -1.25
Paxathipatai Sengtavisouk,24,466,78,161,136,66,48.5294117647059,37,11,7,7,6,4,41,6,35,7,151,88,58.2781456953642, -2.45833333333333
Xolin Hialerko,32,550,88,174,171,82,47.953216374269,0,0,10,10,9,2,61,12,49,12,170,92,54.1176470588235, -3.25
Bextro Keget,22,342,35,90,114,44,38.5964912280702,0,0,2,2,3,3,73,10,63,2,89,53,59.5505617977528, -3.5
Akamu Tayvyihane,19,495,71,147,154,66,42.8571428571429,0,0,22,15,9,1,77,10,67,9,142,89,62.6760563380282, -2.05263157894737
Váqáp Vjamhá,20,477,86,172,132,65,49.2424242424242,40,14,19,12,5,4,41,13,28,9,171,102,59.6491228070175, 0.75
Stephan Hutto,32,447,53,159,135,65,48.1481481481481,41,11,1,1,6,5,39,6,33,4,151,91,60.2649006622517, -2.1875
Versi Alovek,23,339,56,123,98,50,51.0204081632653,33,11,4,3,9,3,39,7,32,7,102,66,64.7058823529412, -1
Sagua Ocelots players,Games Played,Minutes,Assists,Points,Shots Taken,Shots Made,Field Goal Percentage,Threes Taken,Threes Made,Free Throws Taken,Free Throws Made,Turnovers,Steals,Rebounds,Offensive Rebounds,Defensive Rebounds,Fouls,Opponent Shots Against,Opponent Shots Made,Opponent Shot Percent,Point Differential
Thomas Skinner,32,863,130,296,258,145,56.2015503875969,0,0,8,6,10,5,282,81,201,32,286,164,57.3426573426573, 0.625
Msenne Prai,32,572,86,184,160,92,57.5,0,0,0,0,14,2,107,26,81,40,187,85,45.4545454545455, 0.34375
Pakomha Pjagwazwi,32,526,160,561,447,278,62.1923937360179,0,0,6,5,25,8,91,20,71,21,181,80,44.1988950276243, 1.25
Pwa Lefinu,32,435,52,221,148,94,63.5135135135135,40,22,0,0,6,7,45,10,35,11,148,93,62.8378378378378, 1.375
Nomi Yoriyuki,32,808,341,304,230,126,54.7826086956522,78,32,0,0,15,4,68,19,49,10,223,123,55.1569506726457, 0.28125
Ikaika Vongphakdy,23,328,27,110,101,53,52.4752475247525,0,0,8,4,5,2,78,17,61,8,89,48,53.9325842696629, 0.826086956521739
Hevek Himadolsei,32,712,102,257,229,124,54.1484716157205,0,0,10,9,12,3,121,22,99,17,225,149,66.2222222222222, 0.53125
King Kalassak,32,663,79,247,199,99,49.748743718593,65,26,6,6,10,4,77,18,59,15,213,125,58.6854460093897, -0.625
Hvanne Aeridaniok,29,478,71,168,146,69,47.2602739726027,48,18,2,2,14,1,47,11,36,3,184,100,54.3478260869565, -0.896551724137931
hex,27,392,59,111,105,47,44.7619047619048,49,17,0,0,9,4,37,7,30,4,120,62,51.6666666666667, 0
Om Kwang-Jo,24,354,58,96,97,47,48.4536082474227,0,0,10,2,3,2,68,9,59,0,94,64,68.0851063829787, -1.95833333333333
Bernard Wade,26,265,35,88,78,43,55.1282051282051,0,0,2,2,3,2,51,10,41,6,92,56,60.8695652173913, -1.38461538461538
Ji Gim,23,357,57,85,95,37,38.9473684210526,0,0,14,11,7,4,36,9,27,9,120,65,54.1666666666667, -1.21739130434783
Shackaffe MacDiarray,29,637,78,258,192,110,57.2916666666667,56,20,0,0,11,2,70,14,56,9,239,132,55.2301255230126, 0
Zac Lolant,22,346,77,102,110,49,44.5454545454545,0,0,4,4,4,2,35,10,25,4,113,65,57.5221238938053, -0.772727272727273
Solea Geysers players,Games Played,Minutes,Assists,Points,Shots Taken,Shots Made,Field Goal Percentage,Threes Taken,Threes Made,Free Throws Taken,Free Throws Made,Turnovers,Steals,Rebounds,Offensive Rebounds,Defensive Rebounds,Fouls,Opponent Shots Against,Opponent Shots Made,Opponent Shot Percent,Point Differential
Alomundi Bituna,32,748,115,276,214,138,64.4859813084112,0,0,0,0,15,6,221,69,152,25,221,102,46.1538461538462, 3.53125
Ivor Lunn,32,883,157,330,269,164,60.9665427509294,0,0,4,2,16,8,114,35,79,53,289,132,45.6747404844291, 4.40625
Kersok Milan,32,946,357,697,473,290,61.3107822410148,148,60,0,0,19,10,121,30,91,37,348,165,47.4137931034483, 3.6875
Sova Kłó,32,1027,167,398,311,199,63.9871382636656,0,0,0,0,13,8,99,27,72,25,396,224,56.5656565656566, 4.75
Makiaipisi Fana,32,862,155,317,229,131,57.2052401746725,68,23,0,0,12,7,88,27,61,21,261,140,53.639846743295, 3.1875
Himi Azumamaro,32,790,118,305,261,151,57.8544061302682,0,0,6,3,12,7,153,51,102,48,227,107,47.136563876652, 2.90625
The Moo Saχi,21,234,21,80,67,37,55.2238805970149,0,0,6,6,5,6,31,7,24,10,73,37,50.6849315068493, 1.61904761904762
Rvai Florkotae,32,578,102,201,149,85,57.0469798657718,48,20,0,0,5,5,46,13,33,5,235,139,59.1489361702128, 2.4375
Sitwa Luvepiri,18,220,27,91,79,39,49.3670886075949,24,7,0,0,4,1,17,4,13,0,88,51,57.9545454545455, 0.277777777777778
zeppak itehíl tikítákh,19,355,72,102,94,50,53.1914893617021,0,0,2,2,5,4,32,10,22,3,108,56,51.8518518518518, 2.05263157894737
Dwab Itsok,1,3,0,2,2,1,50,0,0,0,0,0,0,1,0,1,0,1,1,100, -3
Pau Nipta,26,422,61,158,133,78,58.6466165413534,0,0,2,2,8,3,70,20,50,8,136,86,63.2352941176471, 1.07692307692308
Alomibamobei Osadolsei,2,18,3,11,8,5,62.5,4,1,0,0,0,0,0,0,0,0,6,3,50, 3.5
Mike,24,294,45,95,97,38,39.1752577319588,29,7,3,3,3,4,32,9,23,3,106,44,41.5094339622642, 1.91666666666667
Ḿavwápŕi Sŕóniqńoqi,22,323,53,108,85,54,63.5294117647059,0,0,0,0,3,2,40,11,29,9,113,60,53.0973451327434, 2.81818181818182
Autolik Autonomy players,Games Played,Minutes,Assists,Points,Shots Taken,Shots Made,Field Goal Percentage,Threes Taken,Threes Made,Free Throws Taken,Free Throws Made,Turnovers,Steals,Rebounds,Offensive Rebounds,Defensive Rebounds,Fouls,Opponent Shots Against,Opponent Shots Made,Opponent Shot Percent,Point Differential
Keahi Genevong,32,767,89,250,249,123,49.3975903614458,0,0,6,4,15,9,214,53,161,24,217,113,52.073732718894, 0.875
Dennis Tsoi,32,733,93,222,206,111,53.8834951456311,0,0,2,0,16,7,126,34,92,21,226,128,56.6371681415929, -1.90625
Mavótáfika Vilikó,32,606,158,374,282,154,54.6099290780142,109,42,0,0,17,2,117,22,95,20,239,144,60.2510460251046, 0.625
Kibido Bexote,32,845,111,533,436,265,60.7798165137615,0,0,4,3,28,4,66,17,49,12,313,181,57.8274760383387, -1.0625
enoikh apéka zeilun,32,808,297,280,204,119,58.3333333333333,63,19,3,3,14,4,88,12,76,7,237,140,59.0717299578059, -0.625
Boolway,32,766,75,233,222,112,50.4504504504504,0,0,18,9,5,6,149,34,115,15,220,120,54.5454545454545, 0.59375
Nopá Kánpovragá,23,377,53,126,121,59,48.7603305785124,0,0,10,8,9,2,69,18,51,11,124,59,47.5806451612903, 2.30434782608696
Nopá Nonhkwaqan,22,489,71,204,158,84,53.1645569620253,53,24,5,5,9,5,54,13,41,6,188,114,60.6382978723404, 1.18181818181818
Keoki Vongsay,19,306,48,109,79,45,56.9620253164557,25,11,4,4,5,1,40,11,29,2,86,47,54.6511627906977, 1.21052631578947
lúpupǐk šakilúz óznkíkh,23,309,50,129,101,52,51.4851485148515,36,12,3,3,3,3,33,6,27,2,88,42,47.7272727272727, -0.434782608695652
Keanu Syrypanha,1,8,1,4,3,1,33.3333333333333,0,0,2,2,0,0,3,0,3,0,1,1,100, -7
Tagawa Kazuko,23,429,67,149,139,65,46.7625899280576,0,0,26,19,4,5,79,12,67,12,142,78,54.9295774647887, 2.08695652173913
Pezi Vuki,24,445,75,146,125,60,48,35,12,1,1,7,3,37,5,32,5,170,102,60, -0.25
Ikaika Kethavongsa,23,390,64,149,114,63,55.2631578947369,37,16,0,0,8,2,35,8,27,0,129,75,58.1395348837209, 2.21739130434783
Ḿavwápŕi Makŕavamhan,26,425,87,181,139,73,52.5179856115108,50,25,3,2,4,3,47,5,42,7,131,69,52.6717557251908, 2.69230769230769
Barsein Bats players,Games Played,Minutes,Assists,Points,Shots Taken,Shots Made,Field Goal Percentage,Threes Taken,Threes Made,Free Throws Taken,Free Throws Made,Turnovers,Steals,Rebounds,Offensive Rebounds,Defensive Rebounds,Fouls,Opponent Shots Against,Opponent Shots Made,Opponent Shot Percent,Point Differential
Keon Saengsavang,32,830,63,280,245,140,57.1428571428571,0,0,2,0,20,7,246,55,191,29,261,150,57.4712643678161, 0.15625
Derto Hiemeta,32,811,127,312,279,153,54.8387096774194,0,0,12,6,11,2,145,36,109,26,254,149,58.6614173228346, 0.0625
Matthew Grabochov,32,534,92,405,336,169,50.297619047619,119,41,3,3,14,3,63,18,45,11,175,107,61.1428571428571, 0.71875
Sachie Snijder,32,505,83,211,166,90,54.2168674698795,49,21,0,0,14,3,50,12,38,6,173,101,58.3815028901734, 0.125
Hivek Ekxtr,32,856,388,398,297,164,55.2188552188552,103,44,0,0,14,5,126,21,105,17,281,148,52.6690391459075, 0.03125
Ingo Samter ,19,273,12,88,78,39,50,26,5,2,2,6,1,58,10,48,2,82,56,68.2926829268293, -0.842105263157895
Keahi Saengsavang,20,315,54,118,106,59,55.6603773584906,0,0,0,0,2,1,54,10,44,11,105,70,66.6666666666667, -0.5
Eban Mesiadotsei,32,625,89,215,214,96,44.8598130841121,0,0,26,23,9,5,84,17,67,15,201,96,47.7611940298507, -0.59375
Aulii Thonemany,20,384,53,140,121,58,47.9338842975207,38,14,6,6,10,7,32,5,27,0,144,75,52.0833333333333, -2.85
Keahi Siyavong,17,302,58,135,90,56,62.2222222222222,30,13,0,0,3,3,38,11,27,2,78,39,50, -0.117647058823529
Abosa Aludetsei ,24,438,44,105,104,51,49.0384615384615,0,0,8,3,10,1,97,26,71,20,139,72,51.7985611510791, -0.5
Sagomundisei Hisei,25,415,68,114,118,57,48.3050847457627,0,0,0,0,4,3,69,16,53,17,144,80,55.5555555555556, -0.6
Sol Young-Chul ,22,380,51,148,119,74,62.1848739495798,0,0,0,0,7,0,31,7,24,4,124,80,64.5161290322581, -1.22727272727273
Moonoriguna,32,652,87,250,214,119,55.607476635514,0,0,14,12,8,7,63,17,46,13,244,137,56.1475409836066, 0.9375
Xavier Wilcox,22,382,62,139,114,64,56.140350877193,7,4,6,4,6,1,45,13,32,3,110,62,56.3636363636364, -1
Blanaxon Hammers players,Games Played,Minutes,Assists,Points,Shots Taken,Shots Made,Field Goal Percentage,Threes Taken,Threes Made,Free Throws Taken,Free Throws Made,Turnovers,Steals,Rebounds,Offensive Rebounds,Defensive Rebounds,Fouls,Opponent Shots Against,Opponent Shots Made,Opponent Shot Percent,Point Differential
P'uyo Unup'a,32,733,30,260,222,129,58.1081081081081,0,0,6,2,17,3,136,30,106,30,204,108,52.9411764705882, 0.90625
Reinhard Waldstein,32,774,107,251,225,125,55.5555555555556,0,0,4,1,4,3,224,54,170,27,262,141,53.8167938931298, -0.59375
Nobira Nariaki,32,910,388,560,467,264,56.5310492505353,0,0,36,32,30,7,152,33,119,30,348,180,51.7241379310345, -1.375
Brian Lolant,32,690,134,269,205,112,54.6341463414634,82,35,0,0,10,1,78,18,60,8,244,138,56.5573770491803, 0.1875
Baker,32,276,44,115,85,46,54.1176470588235,28,16,1,0,4,1,19,6,13,1,79,45,56.9620253164557, -0.3125
Kipana Nibrit,32,565,67,220,197,109,55.3299492385787,0,0,6,2,10,2,115,27,88,13,164,89,54.2682926829268, -1.46875
Iggy Bolter,21,380,62,117,102,58,56.8627450980392,0,0,2,1,7,2,46,12,34,9,130,65,50, -1.23809523809524
Mom Si,0,0,0,0,0,0,0,0,0,0,0,0,0,0,0,0,0,0,0,0, 0
Edgar Fichtner,25,544,83,239,181,101,55.8011049723757,55,17,0,0,12,4,47,7,40,2,205,118,57.5609756097561, -1.76
Sovlik Naxkro,32,600,110,243,188,97,51.5957446808511,58,25,8,7,12,5,70,17,53,5,190,100,52.6315789473684, -0.3125
Oiŋi Vokigei,16,235,8,79,73,39,53.4246575342466,0,0,6,1,9,2,59,8,51,1,61,38,62.2950819672131, -0.6875
Mom Głamha,21,384,34,126,122,60,49.1803278688525,0,0,6,6,6,2,61,10,51,6,118,71,60.1694915254237, 0.761904761904762
Ikkrosovi Ritkropro,32,626,76,188,188,92,48.936170212766,0,0,14,4,11,4,69,17,52,7,214,121,56.5420560747664, 0.46875
Sokolnox Kurit,23,301,52,117,96,48,50,34,13,3,1,4,2,32,10,22,2,110,55,50, 0.391304347826087
Keahi Douangvily,31,660,109,185,180,72,40,61,25,8,7,9,3,67,19,48,4,201,104,51.7412935323383, -0.290322580645161
Kaeshar Kaisers players,Games Played,Minutes,Assists,Points,Shots Taken,Shots Made,Field Goal Percentage,Threes Taken,Threes Made,Free Throws Taken,Free Throws Made,Turnovers,Steals,Rebounds,Offensive Rebounds,Defensive Rebounds,Fouls,Opponent Shots Against,Opponent Shots Made,Opponent Shot Percent,Point Differential
Lilo Vatthana,32,831,136,281,244,138,56.5573770491803,0,0,6,5,11,6,275,83,192,34,243,111,45.679012345679, 1.75
Kompasu Yasuoka,32,345,60,150,116,75,64.6551724137931,0,0,0,0,6,3,53,9,44,23,129,57,44.1860465116279, 1.1875
Sol Song-Jin,32,412,73,153,125,63,50.4,52,17,0,0,4,3,52,13,39,11,159,84,52.8301886792453, 1.34375
Akamine Naizen,32,763,203,629,457,264,57.7680525164114,137,61,0,0,21,5,98,28,70,15,251,135,53.7848605577689, 3.6875
Carlos Harris,32,675,295,276,192,116,60.4166666666667,56,25,0,0,10,3,69,15,54,16,192,107,55.7291666666667, 1.65625
Makiaipisi Tituqu,23,322,49,116,96,58,60.4166666666667,0,0,0,0,4,2,49,15,34,10,102,59,57.843137254902, -0.869565217391304
Pxwosela Mjisj'e,32,813,101,268,233,131,56.2231759656652,0,0,8,6,19,8,115,21,94,16,252,152,60.3174603174603, 0.78125
xek,23,332,48,115,96,49,51.0416666666667,31,12,2,2,9,8,28,4,24,1,147,87,59.1836734693878, 0.260869565217391
Xavier McSteve,26,268,52,84,70,35,50,24,8,0,0,7,4,33,7,26,2,101,55,54.4554455445545, -1
Nathaniel Bate,26,389,57,144,109,60,55.045871559633,31,12,0,0,4,0,35,8,27,3,101,55,54.4554455445545, 0.846153846153846
Moose Yama,28,394,57,132,126,63,50,0,0,10,6,7,2,90,21,69,5,108,69,63.8888888888889, 1.25
Osiei Bituna,28,387,42,154,125,77,61.6,0,0,0,0,9,3,61,13,48,25,122,61,50, 0.285714285714286
Atomobei Kerxer,32,804,114,303,253,150,59.2885375494071,0,0,4,3,15,5,76,21,55,21,325,203,62.4615384615385, 0.6875
Tanifuji Shirosama,30,512,58,188,148,92,62.1621621621622,0,0,4,4,9,2,51,22,29,8,186,96,51.6129032258064, -0.7
Melebin Himei,28,484,85,168,150,82,54.6666666666667,0,0,6,4,7,5,57,16,41,11,151,73,48.3443708609272, -0.142857142857143
Naxda Nomads players,Games Played,Minutes,Assists,Points,Shots Taken,Shots Made,Field Goal Percentage,Threes Taken,Threes Made,Free Throws Taken,Free Throws Made,Turnovers,Steals,Rebounds,Offensive Rebounds,Defensive Rebounds,Fouls,Opponent Shots Against,Opponent Shots Made,Opponent Shot Percent,Point Differential
Gotamh Kotł,32,790,120,276,245,138,56.3265306122449,0,0,0,0,17,5,233,66,167,28,225,114,50.6666666666667, 1.125
Eto Shunmyo,32,553,103,183,166,74,44.578313253012,50,16,1,1,7,4,86,23,63,23,172,81,47.093023255814, 1.3125
Tox Kolpa,32,774,120,278,237,114,48.1012658227848,78,23,0,0,16,8,71,11,60,19,284,163,57.3943661971831, 1.9375
kuzep qivektuketuk,32,878,201,722,530,361,68.1132075471698,0,0,0,0,27,11,139,36,103,6,311,162,52.0900321543408, 0.375
b 9u,32,752,259,268,226,118,52.212389380531,63,17,0,0,5,3,75,17,58,4,258,139,53.8759689922481, -0.21875
Timblejoornay,32,751,100,212,197,104,52.7918781725888,0,0,12,4,10,2,138,44,94,20,232,114,49.1379310344828, -0.84375
Phetdum Somphonpadee,22,350,63,136,97,68,70.1030927835051,0,0,0,0,4,2,46,9,37,1,122,69,56.5573770491803, -0.681818181818182
Maik Phothisarath,26,431,57,129,115,64,55.6521739130435,0,0,2,1,9,1,48,11,37,16,168,90,53.5714285714286, 0
Tixen Prokol,32,663,105,211,178,89,50,62,16,0,0,11,4,62,12,50,7,228,125,54.8245614035088, -0.09375
Jaroweer,24,390,44,155,123,66,53.6585365853659,35,14,0,0,6,1,34,9,25,9,135,63,46.6666666666667, 0.166666666666667
kalassak vekel álutep,0,0,0,0,0,0,0,0,0,0,0,0,0,0,0,0,0,0,0,0, 0
Moke Savang,32,641,107,185,176,90,51.1363636363636,0,0,8,5,13,2,93,24,69,7,203,126,62.0689655172414, -0.5625
Nathaniel Starks,23,335,50,102,95,43,45.2631578947368,36,13,0,0,2,3,26,5,21,1,121,71,58.6776859504132, -2.30434782608696
Klegna Fana,0,0,0,0,0,0,0,0,0,0,0,0,0,0,0,0,0,0,0,0, 0
Lizaxon Rova,26,401,62,149,109,63,57.7981651376147,32,11,0,0,6,3,40,12,28,1,128,62,48.4375, 0.461538461538462
Red Rainbow Sickles players,Games Played,Minutes,Assists,Points,Shots Taken,Shots Made,Field Goal Percentage,Threes Taken,Threes Made,Free Throws Taken,Free Throws Made,Turnovers,Steals,Rebounds,Offensive Rebounds,Defensive Rebounds,Fouls,Opponent Shots Against,Opponent Shots Made,Opponent Shot Percent,Point Differential
Ogino Tokaji,32,785,128,266,241,133,55.1867219917012,0,0,0,0,11,3,145,34,111,14,237,148,62.4472573839662, -2.84375
Cabodu Kanix,32,790,105,240,231,118,51.0822510822511,0,0,4,4,11,4,120,22,98,15,283,164,57.9505300353357, -1.5
Farbla Hjetohje,32,520,183,520,429,256,59.6736596736597,0,0,8,8,30,6,197,45,152,6,176,101,57.3863636363636, 0.75
Iklo Eloalerko ,32,752,103,245,203,103,50.7389162561576,69,21,0,0,12,5,70,17,53,8,280,164,58.5714285714286, -4.15625
Nokó Noq,32,678,281,249,194,108,55.6701030927835,53,17,0,0,6,6,66,20,46,14,205,110,53.6585365853659, -4.90625
Mom Qŕámanh,32,754,96,252,219,123,56.1643835616438,0,0,6,6,9,4,141,23,118,37,204,111,54.4117647058823, -0.96875
Zax Kaxpa,10,175,18,45,46,22,47.8260869565217,0,0,4,1,4,1,26,3,23,5,57,33,57.8947368421053, -1.4
Phetdum Bouvanaat ,32,745,118,270,233,134,57.5107296137339,0,0,2,2,17,3,72,19,53,26,277,167,60.2888086642599, -2.4375
Mhasłanok Pjagwazwi,30,234,29,119,81,49,60.4938271604938,26,14,0,0,2,1,25,5,20,3,80,47,58.75, 0.433333333333333
vun,32,573,108,272,191,115,60.2094240837696,58,24,0,0,11,0,56,11,45,2,169,91,53.8461538461538, 2.0625
Yamazaki Natsuo,2,2,0,0,1,0,0,0,0,0,0,0,0,0,0,0,0,0,0,0, 0
Sovlik Toxium,30,578,52,211,199,96,48.2412060301507,0,0,28,18,10,7,102,24,78,13,165,103,62.4242424242424, -2.56666666666667
Minamoto Takeji,29,281,36,82,74,40,54.0540540540541,0,0,2,2,2,1,22,5,17,8,117,69,58.974358974359, -3.37931034482759
Jung-Hee Kim,31,554,76,152,151,75,49.6688741721854,0,0,6,2,6,3,47,12,35,11,172,105,61.046511627907, -0.548387096774194
William Spicer,32,293,63,106,92,50,54.3478260869565,0,0,10,6,6,1,40,14,26,3,80,52,65, -1.90625
Serkr Atolls players,Games Played,Minutes,Assists,Points,Shots Taken,Shots Made,Field Goal Percentage,Threes Taken,Threes Made,Free Throws Taken,Free Throws Made,Turnovers,Steals,Rebounds,Offensive Rebounds,Defensive Rebounds,Fouls,Opponent Shots Against,Opponent Shots Made,Opponent Shot Percent,Point Differential
Vrá Nonhkwaqan,32,844,116,259,252,125,49.6031746031746,0,0,16,9,17,2,265,53,212,26,253,134,52.9644268774704, 1.71875
Iveo Vokigei,32,526,57,162,148,81,54.7297297297297,0,0,2,0,9,0,79,23,56,9,172,104,60.4651162790698, -0.1875
Klaxon Nixoka,32,918,169,354,270,176,65.1851851851852,0,0,2,2,11,12,101,26,75,25,353,173,49.0084985835694, 0.4375
Danomobei Motxev,32,670,99,267,193,113,58.5492227979275,58,23,0,0,8,6,57,12,45,10,257,141,54.863813229572, -0.875
The Ball Deflater,32,924,389,634,488,268,54.9180327868852,146,45,4,4,28,4,148,38,110,26,253,118,46.6403162055336, 0.6875
Saiki Shunmyo,23,411,41,132,118,66,55.9322033898305,0,0,0,0,7,1,67,16,51,11,123,79,64.2276422764228, -2.26086956521739
Pranga  ,32,626,93,198,191,90,47.1204188481675,0,0,30,18,11,6,90,19,71,16,191,109,57.0680628272251, 0.40625
K'ita Senako,23,302,46,118,95,58,61.0526315789474,0,0,2,2,5,2,27,6,21,2,114,72,63.1578947368421, -0.652173913043478
Niko Stengel,32,862,132,358,280,153,54.6428571428571,73,21,1,1,12,8,80,18,62,13,315,173,54.9206349206349, 0.78125
Eto Sho,24,301,57,128,110,52,47.2727272727273,32,11,8,8,6,1,27,5,22,2,84,50,59.5238095238095, -0.833333333333333
Grant Logan,25,287,30,80,81,37,45.679012345679,0,0,6,6,3,4,52,13,39,16,93,54,58.0645161290323, -0.36
Shitt Pißer,27,385,54,120,106,60,56.6037735849057,0,0,0,0,3,2,55,19,36,13,131,77,58.7786259541985, -0.481481481481481
Alomiba Xahelvi,25,322,38,108,107,54,50.4672897196262,0,0,0,0,4,1,34,3,31,11,118,58,49.1525423728814, -0.2
Nupa Auprat,1,9,1,2,2,1,50,0,0,0,0,0,0,1,1,0,0,2,1,50, -3
Sĺokámh Makŕavamhan,5,56,11,24,14,10,71.4285714285714,5,4,0,0,1,1,4,1,3,1,15,7,46.6666666666667, 0.2
Shmupland Dictators players,Games Played,Minutes,Assists,Points,Shots Taken,Shots Made,Field Goal Percentage,Threes Taken,Threes Made,Free Throws Taken,Free Throws Made,Turnovers,Steals,Rebounds,Offensive Rebounds,Defensive Rebounds,Fouls,Opponent Shots Against,Opponent Shots Made,Opponent Shot Percent,Point Differential
Kapono Phommajack,30,411,41,126,114,63,55.2631578947369,0,0,0,0,11,3,166,53,113,21,139,71,51.0791366906475, -5.33333333333333
Yamaneko Yasuoka,29,388,41,137,124,68,54.8387096774194,0,0,2,1,6,1,70,13,57,9,105,59,56.1904761904762, 4.27586206896552
Eun Cho,32,768,201,688,525,280,53.3333333333333,150,43,16,16,24,4,117,31,86,29,275,139,50.5454545454545, 0.40625
Waltoko,32,770,121,246,215,105,48.8372093023256,61,15,0,0,12,10,86,24,62,13,284,154,54.2253521126761, 0.28125
Bane Ketthavong,32,755,274,257,196,106,54.0816326530612,51,13,10,9,11,5,94,22,72,11,237,118,49.789029535865, 2
Eric Newton,32,757,104,231,211,115,54.5023696682464,0,0,6,1,16,1,151,35,116,30,206,101,49.0291262135922, 5.40625
Amari Tomiji,32,755,128,227,217,107,49.3087557603687,0,0,24,13,7,10,104,26,78,37,199,97,48.7437185929648, 2.21875
Lvieknim Yuji,32,765,110,302,250,151,60.4,0,0,0,0,15,2,84,24,60,10,301,177,58.8039867109635, 2.28125
Blanox Farhje,27,366,45,195,140,83,59.2857142857143,34,10,0,0,12,5,42,9,33,3,123,62,50.4065040650407, 6.25925925925926
Tapan Sikasbë,30,414,70,127,101,60,59.4059405940594,0,0,12,7,5,3,44,13,31,14,138,76,55.0724637681159, -4.23333333333333
Kiromi Hialerko,26,367,51,136,119,68,57.1428571428571,0,0,0,0,9,2,69,13,56,7,105,65,61.9047619047619, 2.42307692307692
Teyvada Syvongsa,29,397,54,111,106,54,50.9433962264151,0,0,4,3,9,3,52,17,35,14,150,78,52, -4.10344827586207
Om Kwang-Seok,2,4,0,0,0,0,0,0,0,0,0,0,0,1,1,0,0,2,2,100, -5
Undurra,29,400,57,148,104,74,71.1538461538462,0,0,0,0,2,5,29,9,20,5,142,79,55.6338028169014, -3.51724137931034
LeBryon James,27,364,80,107,92,53,57.6086956521739,0,0,2,1,6,3,38,6,32,5,118,70,59.3220338983051, 5.14814814814815
Aiyota Pumps players,Games Played,Minutes,Assists,Points,Shots Taken,Shots Made,Field Goal Percentage,Threes Taken,Threes Made,Free Throws Taken,Free Throws Made,Turnovers,Steals,Rebounds,Offensive Rebounds,Defensive Rebounds,Fouls,Opponent Shots Against,Opponent Shots Made,Opponent Shot Percent,Point Differential
Danotra Beselapo,32,719,57,207,207,102,49.2753623188406,0,0,4,3,16,8,257,56,201,30,208,109,52.4038461538462, -0.59375
Paparto Bexosek,32,845,187,665,564,326,57.8014184397163,0,0,20,13,26,4,211,52,159,28,261,149,57.088122605364, -0.28125
Lee Stidham,32,823,141,364,263,148,56.2737642585551,80,27,3,1,14,5,79,13,66,8,319,193,60.5015673981191, 0.84375
Dugaro Gagodosa,32,511,82,169,147,73,49.6598639455782,34,6,0,0,6,6,51,12,39,8,176,91,51.7045454545455, 0.625
Wintjiya,32,839,291,272,243,113,46.5020576131687,68,17,3,3,12,3,96,25,71,8,245,140,57.1428571428571, -0.6875
Pixtij Lekaxo,23,398,40,131,123,62,50.4065040650407,0,0,10,7,9,2,90,16,74,9,113,56,49.5575221238938, -0.782608695652174
Ek Bexosek,1,13,3,4,2,2,100,0,0,0,0,1,0,1,0,1,2,3,2,66.6666666666667, -7
app,0,0,0,0,0,0,0,0,0,0,0,0,0,0,0,0,0,0,0,0, 0
Tentro Gelda,19,245,31,88,70,38,54.2857142857143,22,9,0,0,3,2,24,6,18,2,80,46,57.5, -0.947368421052632
Olandi Olamos,32,697,125,266,235,110,46.8085106382979,66,15,3,1,11,6,81,19,62,3,201,115,57.2139303482587, 0.5
Akamine Yakumo,24,420,63,137,121,67,55.3719008264463,0,0,4,3,9,5,81,23,58,17,118,63,53.3898305084746, 1.29166666666667
Bruce Mack,32,679,47,182,193,87,45.0777202072539,0,0,14,8,16,4,119,23,96,31,200,100,50, 0.3125
Vioŋeki Vevapi,32,713,137,158,201,79,39.3034825870647,0,0,2,0,8,6,73,12,61,9,242,143,59.0909090909091, -1.03125
Hiroshima Yakumo,32,780,61,344,256,143,55.859375,60,12,7,7,17,6,100,20,80,2,275,168,61.0909090909091, -0.25
pekleɰ tiwan,0,0,0,0,0,0,0,0,0,0,0,0,0,0,0,0,0,0,0,0, 0
Avura Aviators players,Games Played,Minutes,Assists,Points,Shots Taken,Shots Made,Field Goal Percentage,Threes Taken,Threes Made,Free Throws Taken,Free Throws Made,Turnovers,Steals,Rebounds,Offensive Rebounds,Defensive Rebounds,Fouls,Opponent Shots Against,Opponent Shots Made,Opponent Shot Percent,Point Differential
Ikaika Savang,32,321,46,120,98,60,61.2244897959184,0,0,0,0,6,2,147,39,108,3,84,56,66.6666666666667, 0.34375
Sichaizei Sha,32,588,98,210,191,101,52.8795811518325,0,0,12,8,13,6,102,30,72,31,193,94,48.7046632124352, -0.0625
Kilik Farhje,32,912,222,413,337,197,58.4569732937685,0,0,24,19,23,11,131,39,92,30,343,170,49.5626822157434, 1.65625
Floenne Zan,32,785,294,472,377,200,53.0503978779841,121,37,2,1,18,7,65,12,53,9,286,165,57.6923076923077, 0.3125
Yasutake Yasuoka,32,651,120,234,176,100,56.8181818181818,41,16,1,0,11,7,69,18,51,8,216,100,46.2962962962963, 0.34375
Yamazaki Senichi,32,740,55,316,210,157,74.7619047619048,0,0,2,2,17,2,135,29,106,14,235,135,57.4468085106383, 0.34375
Blanoxium Kroda,32,662,87,212,191,102,53.4031413612565,0,0,12,8,16,5,94,19,75,19,222,128,57.6576576576577, -0.03125
Neville Spicer,24,353,57,135,109,55,50.4587155963303,30,6,2,2,9,2,33,8,25,4,138,81,58.695652173913, -1.20833333333333
Gorga Ektxr,32,751,110,306,241,132,54.7717842323652,57,15,2,2,11,9,68,23,45,6,247,130,52.6315789473684, -0.03125
Hannes Ehrenstein,21,412,63,190,143,79,55.2447552447552,42,14,0,0,8,3,47,12,35,3,133,70,52.6315789473684, 0.285714285714286
Waltoko,28,475,67,117,114,58,50.8771929824561,0,0,2,1,12,5,105,27,78,12,128,76,59.375, -0.0357142857142857
Omeri Tetrisei,24,288,22,101,83,48,57.8313253012048,6,1,0,0,5,2,46,11,35,10,86,51,59.3023255813954, -0.0416666666666667
Váqáp Qlámipanońqo ,25,272,39,73,78,32,41.025641025641,0,0,10,9,3,0,24,11,13,8,102,56,54.9019607843137, -0.6
Siolle Lago,0,0,0,0,0,0,0,0,0,0,0,0,0,0,0,0,0,0,0,0, 0
Kiromibakeili Tute ,26,473,61,146,138,58,42.0289855072464,46,10,10,8,12,4,57,12,45,5,155,69,44.5161290322581, -0.307692307692308
Boltway Bad Dragons players,Games Played,Minutes,Assists,Points,Shots Taken,Shots Made,Field Goal Percentage,Threes Taken,Threes Made,Free Throws Taken,Free Throws Made,Turnovers,Steals,Rebounds,Offensive Rebounds,Defensive Rebounds,Fouls,Opponent Shots Against,Opponent Shots Made,Opponent Shot Percent,Point Differential
Boḿa Blamhákpwano,32,832,158,340,247,170,68.8259109311741,0,0,0,0,12,6,118,45,73,36,265,131,49.4339622641509, -0.3125
Kosiro Omundi,32,703,110,308,238,154,64.7058823529412,0,0,0,0,13,5,167,49,118,22,239,142,59.4142259414226, -0.5
Litsaw Wap't'ebw,32,775,391,550,395,275,69.620253164557,0,0,0,0,30,7,91,25,66,45,307,155,50.4885993485342, 1.40625
Shocker Macdalli,32,448,83,183,126,77,61.1111111111111,41,12,0,0,9,3,35,14,21,10,159,82,51.5723270440252, 0.59375
Làto Cows ,32,864,157,340,259,170,65.6370656370656,0,0,0,0,17,8,68,20,48,13,281,166,59.0747330960854, 0.90625
Klijgo Motragos,32,678,70,202,172,100,58.1395348837209,0,0,4,2,9,10,118,38,80,41,198,89,44.9494949494949, 2.59375
Konala Somphousiharath,32,833,148,328,237,164,69.1983122362869,0,0,0,0,13,5,133,53,80,20,286,152,53.1468531468531, 2.5625
Duke Chance,22,377,54,124,95,50,52.6315789473684,23,5,2,2,1,4,30,5,25,19,148,78,52.7027027027027, 0
Robert Kershaw,32,763,124,296,221,129,58.3710407239819,57,12,0,0,13,6,67,24,43,12,306,172,56.2091503267974, 0.84375
Paparto Subeina,32,672,98,242,190,121,63.6842105263158,0,0,0,0,14,8,62,21,41,3,201,106,52.7363184079602, 1.15625
Rusty Stephen,3,26,3,4,3,2,66.6666666666667,0,0,0,0,0,0,3,1,2,0,12,7,58.3333333333333, -2.33333333333333
Jonathan Wagenseil,0,0,0,0,0,0,0,0,0,0,0,0,0,0,0,0,0,0,0,0, 0
Alubembi Hadosa,24,383,55,140,112,70,62.5,0,0,0,0,5,6,32,12,20,11,127,60,47.244094488189, 0.875
Wongduan Saengsavang,27,326,57,149,96,62,64.5833333333333,21,7,0,0,4,4,26,6,20,3,136,85,62.5, 0.740740740740741
Ixbla Kibla,0,0,0,0,0,0,0,0,0,0,0,0,0,0,0,0,0,0,0,0, 0
Dotruga Falno players,Games Played,Minutes,Assists,Points,Shots Taken,Shots Made,Field Goal Percentage,Threes Taken,Threes Made,Free Throws Taken,Free Throws Made,Turnovers,Steals,Rebounds,Offensive Rebounds,Defensive Rebounds,Fouls,Opponent Shots Against,Opponent Shots Made,Opponent Shot Percent,Point Differential
Atumobei Tute,32,934,133,292,256,141,55.078125,0,0,10,10,10,7,254,71,183,39,298,152,51.006711409396, 3.96875
Okaget Mabipet,32,835,122,362,257,181,70.4280155642023,0,0,0,0,16,4,125,40,85,30,283,135,47.7031802120141, 2.8125
Atakri Kalauni,32,948,234,756,533,320,60.0375234521576,147,45,2,2,30,10,130,40,90,40,345,188,54.4927536231884, 2.84375
Vanhik Slivókŕámhomhók,32,912,162,314,265,134,50.5660377358491,76,20,0,0,14,6,71,20,51,15,325,174,53.5384615384615, 2.59375
Persa Mersa,32,810,297,264,196,110,56.1224489795918,57,18,0,0,10,4,79,21,58,16,262,150,57.2519083969466, 2.90625
Jern Alt,26,309,42,106,107,50,46.7289719626168,0,0,14,6,6,2,70,14,56,16,90,50,55.5555555555556, 0.5
Lenin McKolokaxdaxwax VII,26,426,32,177,135,74,54.8148148148148,35,7,0,0,6,4,74,13,61,14,137,81,59.1240875912409, 0.961538461538462
Volker Kluck,3,11,1,10,7,4,57.1428571428571,3,1,0,0,1,0,1,1,0,0,4,1,25, 0.666666666666667
Seong-Hyeon Moon,32,639,95,235,184,94,51.0869565217391,42,14,10,9,16,2,59,24,35,13,234,123,52.5641025641026, 1.125
Pakomha Dakómh,19,323,54,116,82,47,57.3170731707317,25,8,1,1,8,1,34,10,24,3,95,52,54.7368421052632, -1
Chwa Chin-Ho,21,308,25,118,96,59,61.4583333333333,0,0,0,0,5,0,68,11,57,5,88,55,62.5, -1
Keahi Bokeo,21,290,25,123,106,57,53.7735849056604,0,0,10,9,4,0,49,15,34,6,106,68,64.1509433962264, 0.19047619047619
Johan Lolant,32,591,94,209,186,93,50,0,0,32,23,6,1,65,15,50,18,188,91,48.4042553191489, 0.8125
Winnlip,0,0,0,0,0,0,0,0,0,0,0,0,0,0,0,0,0,0,0,0, 0
Bá Qŕámanh,27,416,58,104,109,46,42.2018348623853,0,0,18,12,9,3,57,14,43,9,141,72,51.063829787234, 1.66666666666667
Ethanthova Ponies players,Games Played,Minutes,Assists,Points,Shots Taken,Shots Made,Field Goal Percentage,Threes Taken,Threes Made,Free Throws Taken,Free Throws Made,Turnovers,Steals,Rebounds,Offensive Rebounds,Defensive Rebounds,Fouls,Opponent Shots Against,Opponent Shots Made,Opponent Shot Percent,Point Differential
Kuilikki Ix,32,896,110,258,270,116,42.962962962963,0,0,32,26,15,6,163,32,131,25,268,161,60.0746268656716, 0.3125
Uxnax Prokexov,32,751,120,281,225,140,62.2222222222222,0,0,2,1,16,3,253,46,207,24,244,151,61.8852459016393, 0.875
Phetdum Vatthana,32,815,209,654,523,273,52.1988527724665,145,49,3,3,32,9,127,32,95,12,304,183,60.1973684210526, 0.375
Davisti Roper,32,595,65,282,190,116,61.0526315789474,64,22,4,3,11,6,55,9,46,3,195,108,55.3846153846154, 0.34375
Alomundi Gagolomundi,32,448,242,148,119,62,52.1008403361345,33,10,0,0,8,2,46,9,37,4,131,77,58.7786259541985, -2.6875
Asdëk Daho,31,599,82,196,184,97,52.7173913043478,0,0,2,2,7,3,125,27,98,11,171,97,56.7251461988304, -0.967741935483871
Lilo Thepsenavong,31,422,45,152,136,75,55.1470588235294,0,0,2,2,12,2,79,14,65,19,121,70,57.8512396694215, -1.41935483870968
Paxathipatai Phoutthasinh,23,440,66,124,144,58,40.2777777777778,0,0,16,8,7,3,41,11,30,11,153,82,53.5947712418301, 0.217391304347826
Taneba Nole,32,595,69,174,167,71,42.5149700598802,42,10,5,5,7,4,60,14,46,2,196,107,54.5918367346939, -1.5625
Nasi Pindaiabu,32,615,102,184,177,74,41.8079096045198,54,11,10,9,9,5,76,14,62,7,178,98,55.0561797752809, 1.6875
Atumobei Mesiadotsei,3,41,4,12,11,5,45.4545454545455,0,0,4,2,0,0,10,1,9,1,15,9,60, -5.66666666666667
Matthew Vuchko,24,360,43,127,123,63,51.219512195122,0,0,2,1,5,1,53,10,43,6,104,60,57.6923076923077, -0.875
Luffy Jeem,17,281,20,88,86,43,50,0,0,2,2,7,0,36,9,27,5,95,57,60, -3.17647058823529
hig,26,347,42,126,104,51,49.0384615384615,33,11,0,0,7,2,43,9,34,0,113,68,60.1769911504425, 0.0769230769230769
Edgar McCaffrey,22,471,68,180,149,74,49.6644295302013,51,20,0,0,11,4,49,9,40,7,154,79,51.2987012987013, -0.227272727272727
Faehrenfall Feathercats players,Games Played,Minutes,Assists,Points,Shots Taken,Shots Made,Field Goal Percentage,Threes Taken,Threes Made,Free Throws Taken,Free Throws Made,Turnovers,Steals,Rebounds,Offensive Rebounds,Defensive Rebounds,Fouls,Opponent Shots Against,Opponent Shots Made,Opponent Shot Percent,Point Differential
Mónhin Mipjódló,32,915,79,327,278,160,57.5539568345324,0,0,10,7,20,5,282,71,211,50,285,149,52.280701754386, 0.34375
Tha Tricka,32,642,95,184,175,90,51.4285714285714,0,0,6,4,9,7,108,34,74,25,232,127,54.7413793103448, -0.28125
Aseqa Poi,32,224,46,94,69,37,53.6231884057971,21,5,1,1,3,0,21,7,14,1,83,41,49.3975903614458, 0
pot,32,833,225,665,493,280,56.7951318458418,144,45,2,2,29,7,123,40,83,23,293,154,52.5597269624573, 0.6875
Laurence Chandler,32,792,294,256,225,128,56.8888888888889,0,0,0,0,14,5,82,15,67,20,254,141,55.5118110236221, -3.125
Nàsà Sikasbë ,1,2,0,2,2,1,50,0,0,0,0,0,0,0,0,0,0,3,2,66.6666666666667, 0
Detrio Marzovius,32,886,110,270,247,134,54.251012145749,0,0,10,2,16,8,126,28,98,40,320,168,52.5, -1.84375
Sovtanzax Uxyakro,32,860,32,252,234,110,47.008547008547,32,6,14,11,10,7,82,18,64,43,318,155,48.7421383647799, -1.09375
Naxto Zaxnax,23,438,77,152,138,62,44.9275362318841,43,9,8,7,8,4,37,8,29,7,146,82,56.1643835616438, -1.8695652173913
Lato Naixi,32,754,90,300,233,124,53.2188841201717,67,23,5,4,14,9,75,23,52,12,234,100,42.7350427350427, 1.3125
Savage Soleani,32,629,87,198,190,97,51.0526315789474,0,0,16,4,8,4,105,16,89,26,176,91,51.7045454545455, -2.15625
Keon Vongphakdy,1,18,5,6,4,3,75,0,0,0,0,0,0,1,0,1,1,7,5,71.4285714285714, 10
Papa Ogre,32,465,60,128,115,63,54.7826086956522,0,0,4,2,4,7,39,13,26,15,169,79,46.7455621301775, -0.71875
Zaxix Auproda,20,274,36,103,73,45,61.6438356164384,20,8,0,0,7,2,36,5,31,2,91,55,60.4395604395604, -1.95
Dimitri Lolant,0,0,0,0,0,0,0,0,0,0,0,0,0,0,0,0,0,0,0,0, 0
Stedro Boulders players,Games Played,Minutes,Assists,Points,Shots Taken,Shots Made,Field Goal Percentage,Threes Taken,Threes Made,Free Throws Taken,Free Throws Made,Turnovers,Steals,Rebounds,Offensive Rebounds,Defensive Rebounds,Fouls,Opponent Shots Against,Opponent Shots Made,Opponent Shot Percent,Point Differential
Mabebosei Alotro,32,734,76,263,235,131,55.7446808510638,0,0,2,1,9,6,258,62,196,12,223,138,61.8834080717489, -0.71875
Kaili Saenthavisouk,32,762,126,255,234,125,53.4188034188034,0,0,8,5,8,5,112,28,84,31,233,119,51.0729613733906, -0.6875
Bunyan,32,861,156,358,260,147,56.5384615384615,69,21,0,0,15,10,88,18,70,20,305,169,55.4098360655738, 1.5625
Vince Fowler,32,864,345,498,459,245,53.3769063180828,0,0,10,8,22,10,124,28,96,14,298,155,52.0134228187919, 2.34375
Errol James,32,688,139,271,231,134,58.008658008658,0,0,4,3,10,2,79,19,60,10,206,125,60.6796116504854, -1.8125
Nagata Taki,32,805,98,298,277,147,53.0685920577617,0,0,8,4,11,5,168,34,134,27,252,140,55.5555555555556, -0.6875
eneŋ zekek zeilunaven,29,293,44,84,78,40,51.2820512820513,0,0,8,4,5,3,41,11,30,7,95,55,57.8947368421053, 0.379310344827586
Horie Saikaku,27,239,28,96,66,42,63.6363636363636,13,4,0,0,3,2,17,4,13,19,92,39,42.3913043478261, -2.44444444444444
Palani Phomsouvanh,32,677,85,255,206,108,52.4271844660194,65,18,0,0,9,3,80,14,66,6,251,151,60.1593625498008, -3.8125
Okada Sumiteru,32,787,138,317,253,132,52.1739130434783,83,29,0,0,7,4,88,16,72,14,209,119,56.9377990430622, 2
Sundaa Wen,1,2,0,0,0,0,0,0,0,0,0,0,0,0,0,0,0,0,0,0, -2
Günther Umlauf,28,486,81,168,160,76,47.5,0,0,24,16,8,4,90,19,71,10,139,91,65.4676258992806, -1.28571428571429
Ulatrusiei Hisei ,29,441,16,178,139,89,64.0287769784173,0,0,0,0,16,5,42,9,33,3,158,101,63.9240506329114, -1.06896551724138
Lavrenti Ogden,0,0,0,0,0,0,0,0,0,0,0,0,0,0,0,0,0,0,0,0, 0
Melor Revolsky,30,328,58,100,84,39,46.4285714285714,21,8,4,4,6,4,40,11,29,5,100,56,56, -2.06666666666667
TND Tanks players,Games Played,Minutes,Assists,Points,Shots Taken,Shots Made,Field Goal Percentage,Threes Taken,Threes Made,Free Throws Taken,Free Throws Made,Turnovers,Steals,Rebounds,Offensive Rebounds,Defensive Rebounds,Fouls,Opponent Shots Against,Opponent Shots Made,Opponent Shot Percent,Point Differential
Maere Eirikursson,32,951,145,334,287,161,56.0975609756098,0,0,22,12,15,7,270,60,210,30,265,138,52.0754716981132, -2
Kwak Chihu,32,510,82,168,145,84,57.9310344827586,0,0,0,0,10,6,80,15,65,22,176,91,51.7045454545455, -1.84375
Carsten Meyer,32,506,362,270,218,135,61.9266055045872,0,0,0,0,8,4,78,15,63,1,174,113,64.9425287356322, -4.03125
Pakomha Nhoñsła,32,933,122,585,433,247,57.0438799076212,102,30,0,0,28,9,87,19,68,9,337,188,55.786350148368, -3.0625
Phetdum Vongsay,32,952,148,350,295,171,57.9661016949153,8,5,0,0,16,5,98,25,73,23,327,170,51.9877675840979, -4.75
Kudapa Kaxpa,0,0,0,0,0,0,0,0,0,0,0,0,0,0,0,0,0,0,0,0, 0
Wilbert Harries,30,542,75,190,165,93,56.3636363636364,0,0,6,4,13,4,74,15,59,15,180,117,65, -0.666666666666667
pazek lutep kaghišek,32,568,77,247,183,105,57.3770491803279,40,15,0,0,7,10,50,17,33,4,198,117,59.0909090909091, 1.875
Quartermarra,31,304,42,137,104,57,54.8076923076923,30,8,0,0,4,6,38,8,30,6,97,55,56.701030927835, 0.774193548387097
Febri Tamos,0,0,0,0,0,0,0,0,0,0,0,0,0,0,0,0,0,0,0,0, 0
Thomas Erickson,32,590,72,159,153,77,50.3267973856209,0,0,14,5,11,4,124,30,94,15,161,89,55.2795031055901, -1.34375
Jumpe,32,484,57,156,162,74,45.679012345679,0,0,10,8,8,6,72,19,53,2,162,105,64.8148148148148, -0.875
Guooka,28,468,65,147,125,62,49.6,37,7,0,0,7,1,37,8,29,2,192,122,63.5416666666667, -1.35714285714286
Diji Makmero,26,305,48,76,85,38,44.7058823529412,0,0,0,0,5,3,26,10,16,14,99,56,56.5656565656566, -1.26923076923077
Loqidi Huciyete,32,589,101,249,189,99,52.3809523809524,52,17,6,6,7,3,63,11,52,6,187,95,50.8021390374332, 1.40625
Bongatar Banging Bongos players,Games Played,Minutes,Assists,Points,Shots Taken,Shots Made,Field Goal Percentage,Threes Taken,Threes Made,Free Throws Taken,Free Throws Made,Turnovers,Steals,Rebounds,Offensive Rebounds,Defensive Rebounds,Fouls,Opponent Shots Against,Opponent Shots Made,Opponent Shot Percent,Point Differential
Kalani Saysamongdy,32,790,128,320,249,155,62.2489959839357,0,0,12,10,14,2,260,72,188,49,251,112,44.6215139442231, 0.625
Kaili Phomsochanh,32,658,97,257,227,123,54.1850220264317,0,0,14,11,12,6,118,27,91,38,203,115,56.6502463054187, 0.3125
apseŋ kép tónaqig,32,900,226,418,332,209,62.9518072289157,0,0,0,0,25,6,150,39,111,21,310,170,54.8387096774194, 0.0625
Miyoshi Masami,32,775,129,543,413,230,55.6900726392252,111,31,0,0,26,7,57,13,44,22,286,148,51.7482517482517, 2.90625
Fujikawa Masuhiro,32,1100,349,364,331,179,54.0785498489426,0,0,8,6,9,13,117,35,82,32,318,161,50.6289308176101, 0.78125
Biplatza Mopke,22,380,38,103,86,51,59.3023255813954,0,0,2,1,3,3,77,16,61,6,96,64,66.6666666666667, 1.36363636363636
Munglegarra,27,483,93,156,134,78,58.2089552238806,0,0,0,0,9,7,81,19,62,23,175,113,64.5714285714286, 0.592592592592593
Eric Gilroy,20,220,42,81,65,33,50.7692307692308,29,7,0,0,5,1,16,3,13,2,79,46,58.2278481012658, 0.7
Śonpennneŕgomà Qe,32,761,83,330,244,136,55.7377049180328,55,18,6,5,15,5,92,22,70,17,269,162,60.2230483271376, -0.71875
Nico Fein,32,436,58,159,126,66,52.3809523809524,27,9,0,0,9,4,47,14,33,11,121,67,55.3719008264463, 0.65625
Phetala Sengtarth,26,368,72,91,112,45,40.1785714285714,0,0,2,1,2,3,59,16,43,19,129,74,57.3643410852713, -0.153846153846154
Chwa Song-Jin,26,394,42,130,117,64,54.7008547008547,0,0,2,2,4,5,58,13,45,11,109,74,67.8899082568807, 0.769230769230769
No Seung-Won,28,416,64,162,117,81,69.2307692307692,0,0,0,0,7,2,36,9,27,19,165,74,44.8484848484849, 1.07142857142857
Tuk Kauqepei,0,0,0,0,0,0,0,0,0,0,0,0,0,0,0,0,0,0,0,0, 0
Pustt Losar,0,0,0,0,0,0,0,0,0,0,0,0,0,0,0,0,0,0,0,0, 0
Czalliso Pythons players,Games Played,Minutes,Assists,Points,Shots Taken,Shots Made,Field Goal Percentage,Threes Taken,Threes Made,Free Throws Taken,Free Throws Made,Turnovers,Steals,Rebounds,Offensive Rebounds,Defensive Rebounds,Fouls,Opponent Shots Against,Opponent Shots Made,Opponent Shot Percent,Point Differential
Bob Gagodo,32,144,22,54,50,27,54,0,0,0,0,4,1,130,32,98,2,56,33,58.9285714285714, -0.25
Iggy Greenfield,32,766,120,270,243,127,52.2633744855967,0,0,18,16,11,4,118,24,94,13,255,159,62.3529411764706, -0.40625
war,32,936,317,324,278,162,58.273381294964,0,0,0,0,12,7,86,17,69,20,309,208,67.3139158576052, -1.46875
Yuguchi Sofu,32,788,105,298,225,123,54.6666666666667,71,22,4,4,15,8,57,15,42,5,275,153,55.6363636363636, -0.125
Naxto Lizaxium,32,822,211,666,542,275,50.7380073800738,159,43,4,4,26,12,146,21,125,11,235,112,47.6595744680851, -0.875
Masaki Kazuko,32,650,77,260,200,130,65,0,0,0,0,10,4,126,26,100,9,169,97,57.396449704142, 1.15625
Hevek Gagomos,26,323,53,89,104,43,41.3461538461538,0,0,8,3,3,3,58,10,48,14,96,47,48.9583333333333, -0.423076923076923
Sĺákĺa Sŕóniqńoqi,26,245,33,67,61,27,44.2622950819672,21,3,2,2,1,3,25,4,21,4,87,51,58.6206896551724, -0.653846153846154
Vóbŕá Zlánáḿ,0,0,0,0,0,0,0,0,0,0,0,0,0,0,0,0,0,0,0,0, 0
Paxathipatai Sengtavisouk,21,307,46,87,71,35,49.2957746478873,18,6,0,0,5,1,25,7,18,10,90,54,60, -1
Thaksin Thepsenavong,32,737,50,267,257,128,49.8054474708171,0,0,16,11,7,4,148,41,107,28,219,120,54.7945205479452, -2.1875
Mawatari Kane,26,445,64,135,123,64,52.0325203252033,0,0,16,7,3,4,67,14,53,2,141,93,65.9574468085106, -0.653846153846154
Akamu Phomsouvanh,27,358,61,101,89,46,51.685393258427,17,3,0,0,7,5,34,5,29,13,129,68,52.7131782945737, 0.851851851851852
Pau Finapeke,32,748,117,316,227,135,59.4713656387665,49,14,2,1,13,4,63,16,47,7,244,139,56.9672131147541, -1.15625
Nukunaix Hjetohje ,27,406,62,113,111,56,50.4504504504504,0,0,2,1,8,2,46,11,35,5,139,78,56.1151079136691, 0.296296296296296
Dvimne Spirits players,Games Played,Minutes,Assists,Points,Shots Taken,Shots Made,Field Goal Percentage,Threes Taken,Threes Made,Free Throws Taken,Free Throws Made,Turnovers,Steals,Rebounds,Offensive Rebounds,Defensive Rebounds,Fouls,Opponent Shots Against,Opponent Shots Made,Opponent Shot Percent,Point Differential
Seong-Su Gang,32,640,89,234,182,117,64.2857142857143,0,0,0,0,7,1,201,55,146,43,198,94,47.4747474747475, 2.625
Mazló Plókli,32,788,132,314,240,157,65.4166666666667,0,0,0,0,8,8,115,42,73,30,265,165,62.2641509433962, 4.71875
Sago Alodetsei,32,869,427,607,459,260,56.6448801742919,116,35,0,0,25,16,131,43,88,55,307,165,53.7459283387622, 3.03125
kuŋevok eɰnak gevunáh,32,576,86,228,166,95,57.2289156626506,47,14,0,0,4,3,46,15,31,25,209,93,44.4976076555024, 3.40625
Wiley Ambrose,32,887,160,355,255,151,59.2156862745098,66,17,0,0,10,6,99,39,60,35,281,117,41.6370106761566, 3.8125
Shishido Goro,24,359,57,142,105,71,67.6190476190476,0,0,0,0,4,1,86,28,58,15,112,51,45.5357142857143, 3.54166666666667
Alukeili Asolomundi,32,740,115,306,229,153,66.8122270742358,0,0,0,0,10,5,107,40,67,44,266,141,53.0075187969925, 1.4375
Juri Perch,28,470,71,164,135,82,60.7407407407407,0,0,0,0,7,5,40,16,24,18,202,85,42.0792079207921, 2.39285714285714
Markoli Strawlo,32,682,103,288,221,121,54.7511312217195,62,19,0,0,10,5,77,23,54,3,258,148,57.3643410852713, 3.46875
Benben,20,156,29,68,41,26,63.4146341463415,14,8,0,0,3,2,14,3,11,5,39,21,53.8461538461538, 2.35
Argos Pebek,30,543,75,182,149,91,61.0738255033557,0,0,0,0,10,3,96,26,70,43,186,92,49.4623655913978, 1.33333333333333
Bill Short,2,13,2,4,4,2,50,0,0,0,0,0,0,0,0,0,0,2,0,0, 6
Till Klostermann,20,201,30,72,56,36,64.2857142857143,0,0,0,0,1,3,18,6,12,2,77,44,57.1428571428571, 2.25
Dimelew Aemizeda,20,284,43,104,80,52,65,0,0,0,0,7,3,24,7,17,1,87,51,58.6206896551724, -0.55
Ixbla Sovix,30,498,76,166,144,82,56.9444444444444,0,0,4,2,14,2,61,20,41,12,135,60,44.4444444444444, 1.33333333333333
Holy Yektonisa Bishops players,Games Played,Minutes,Assists,Points,Shots Taken,Shots Made,Field Goal Percentage,Threes Taken,Threes Made,Free Throws Taken,Free Throws Made,Turnovers,Steals,Rebounds,Offensive Rebounds,Defensive Rebounds,Fouls,Opponent Shots Against,Opponent Shots Made,Opponent Shot Percent,Point Differential
Atumiba Bexomos,32,395,44,124,112,60,53.5714285714286,0,0,6,4,10,1,166,37,129,5,113,67,59.2920353982301, 0.78125
Alotru Amodetsei ,32,425,47,178,127,89,70.0787401574803,0,0,0,0,10,0,72,14,58,11,149,91,61.0738255033557, -0.53125
Vavi Qláváva,31,203,204,59,44,25,56.8181818181818,13,4,0,0,2,1,23,4,19,5,78,48,61.5384615384615, -0.774193548387097
Kamil Jones,32,739,188,637,494,270,54.6558704453441,137,42,6,6,18,8,120,22,98,9,246,120,48.780487804878, -3.28125
No Kwang-Jo,32,766,130,255,228,127,55.7017543859649,0,0,2,1,14,3,72,14,58,16,260,130,50, 1.46875
Yembeane,30,416,32,162,137,80,58.3941605839416,0,0,4,2,6,3,78,20,58,21,99,60,60.6060606060606, -1.6
Ydar Iode,32,744,101,249,214,119,55.607476635514,0,0,16,11,9,7,97,24,73,13,233,157,67.381974248927, -1.71875
Billy Medium,32,640,48,258,198,108,54.5454545454545,56,14,0,0,15,5,69,15,54,23,224,114,50.8928571428571, 1.5625
Omumiba Ektxr,32,696,111,240,188,111,59.0425531914894,22,11,0,0,6,6,63,12,51,9,223,121,54.2600896860987, 1.9375
Tamatsuki Misao,31,406,73,176,132,72,54.5454545454545,47,9,3,3,6,0,50,8,42,12,131,73,55.7251908396947, -1.96774193548387
Kawaii Bokamphanh,32,721,116,220,206,98,47.5728155339806,0,0,38,24,14,2,146,43,103,22,222,142,63.963963963964, -0.625
Billingulbut,31,371,42,146,125,73,58.4,0,0,0,0,12,7,52,12,40,23,114,71,62.280701754386, 0.935483870967742
Ailiqaeu Okohae,32,698,121,181,190,78,41.0526315789474,0,0,32,25,15,7,55,10,45,11,282,167,59.2198581560284, -2.15625
Mya Bokamphanh,25,94,13,38,26,15,57.6923076923077,8,2,0,0,3,3,7,2,5,0,36,21,58.3333333333333, 0
Dano Subeina,30,368,62,121,112,50,44.6428571428571,41,11,0,0,7,2,41,5,36,4,116,54,46.551724137931, -0.966666666666667
Holykol Bears players,Games Played,Minutes,Assists,Points,Shots Taken,Shots Made,Field Goal Percentage,Threes Taken,Threes Made,Free Throws Taken,Free Throws Made,Turnovers,Steals,Rebounds,Offensive Rebounds,Defensive Rebounds,Fouls,Opponent Shots Against,Opponent Shots Made,Opponent Shot Percent,Point Differential
Nobira Taki,32,755,124,274,217,134,61.7511520737327,0,0,10,6,6,5,245,72,173,23,246,134,54.4715447154472, 0.875
Hënila Ūnā,32,770,126,336,241,168,69.7095435684647,0,0,0,0,14,4,108,28,80,21,259,136,52.5096525096525, 2
Rusty Harries,32,768,123,308,234,154,65.8119658119658,0,0,0,0,14,9,85,29,56,13,269,139,51.6728624535316, 2.875
Steve Sho,32,762,118,305,249,127,51.004016064257,81,34,0,0,7,8,63,12,51,9,288,158,54.8611111111111, 0.3125
Pratnoxpro Lapizixa,32,926,410,630,451,263,58.3148558758315,124,53,0,0,28,10,124,31,93,28,267,134,50.187265917603, 2.53125
Koa Savang,32,781,120,207,212,102,48.1132075471698,0,0,12,3,13,7,159,42,117,24,246,137,55.6910569105691, 0.34375
Kolpa Uxyakro,27,369,21,159,123,79,64.2276422764228,0,0,4,1,10,1,56,12,44,10,113,72,63.716814159292, 0.222222222222222
Jesse Svensson,32,768,125,270,232,133,57.3275862068966,0,0,4,4,19,1,84,21,63,17,288,176,61.1111111111111, -1.65625
Alwin Gradl,26,313,47,147,111,63,56.7567567567568,30,13,1,1,4,1,32,11,21,1,115,52,45.2173913043478, 2.26923076923077
Ha Song-Jin,1,2,0,0,0,0,0,0,0,0,0,0,0,1,1,0,0,0,0,0, 0
Móraniskoto Nháǵłá,0,0,0,0,0,0,0,0,0,0,0,0,0,0,0,0,0,0,0,0, 0
Eban Korsobo,27,401,37,160,133,78,58.6466165413534,0,0,6,4,8,2,61,19,42,9,125,69,55.2, -1.14814814814815
Sebastien Robertson,0,0,0,0,0,0,0,0,0,0,0,0,0,0,0,0,0,0,0,0, 0
Versi Kexek,27,463,86,144,119,61,51.2605042016807,26,6,0,0,6,3,43,13,30,4,175,96,54.8571428571429, -1.11111111111111
Akamu Cheruene,32,608,96,191,174,94,54.0229885057471,0,0,4,3,10,4,55,18,37,14,184,100,54.3478260869565, -1.3125
Lyintaria Lynx players,Games Played,Minutes,Assists,Points,Shots Taken,Shots Made,Field Goal Percentage,Threes Taken,Threes Made,Free Throws Taken,Free Throws Made,Turnovers,Steals,Rebounds,Offensive Rebounds,Defensive Rebounds,Fouls,Opponent Shots Against,Opponent Shots Made,Opponent Shot Percent,Point Differential
Xaisomboun Douangvily,32,390,28,125,125,61,48.8,0,0,12,3,2,3,165,41,124,21,116,66,56.8965517241379, -0.625
Eipe Hawo,32,1022,151,379,318,185,58.1761006289308,0,0,14,9,13,5,152,31,121,35,346,204,58.9595375722543, -2.09375
Ixibit Pratono,32,619,172,604,457,255,55.7986870897155,137,43,11,11,26,2,103,16,87,18,232,144,62.0689655172414, -1.125
Veasna Chansay,32,377,55,132,98,53,54.0816326530612,31,9,1,1,5,2,28,8,20,5,140,76,54.2857142857143, -0.625
Phetdum Vongsay,32,574,298,176,149,75,50.3355704697987,39,18,0,0,9,3,56,14,42,2,180,101,56.1111111111111, -0.8125
Alubembi Xahelvi,32,800,45,214,214,99,46.2616822429907,0,0,26,16,14,6,150,26,124,36,232,112,48.2758620689655, -2.53125
Dylan Fowler,32,507,53,198,162,95,58.641975308642,0,0,10,8,5,4,91,19,72,26,157,75,47.7707006369427, -1.59375
Swanano Nonhkwaqan,0,0,0,0,0,0,0,0,0,0,0,0,0,0,0,0,0,0,0,0, 0
Vipoi Abu,32,779,63,314,288,130,45.1388888888889,97,29,2,2,11,7,62,15,47,3,280,159,56.7857142857143, -3.5
Danomobei Subeina,32,732,138,164,176,77,43.75,0,0,18,10,13,7,79,19,60,21,210,97,46.1904761904762, -1.71875
Phirun Samnang,24,362,34,121,105,59,56.1904761904762,0,0,4,3,8,5,63,14,49,9,113,68,60.1769911504425, -1.58333333333333
The Smelly Corn,2,11,0,0,1,0,0,0,0,0,0,0,0,2,0,2,0,4,3,75, 0.5
Tsekon Wap't'ebw,32,922,86,310,294,150,51.0204081632653,0,0,10,10,15,8,113,18,95,6,296,175,59.1216216216216, -2.53125
Tekle Doko,24,379,54,187,116,77,66.3793103448276,33,17,0,0,6,2,36,8,28,1,124,86,69.3548387096774, 0.625
Bophath Khoupath,21,238,44,79,69,30,43.4782608695652,21,5,10,8,6,1,29,8,21,5,75,52,69.3333333333333, -1.71428571428571
Pyxanovia Pixies players,Games Played,Minutes,Assists,Points,Shots Taken,Shots Made,Field Goal Percentage,Threes Taken,Threes Made,Free Throws Taken,Free Throws Made,Turnovers,Steals,Rebounds,Offensive Rebounds,Defensive Rebounds,Fouls,Opponent Shots Against,Opponent Shots Made,Opponent Shot Percent,Point Differential
Marcel Weidenmann,32,744,113,242,223,120,53.8116591928251,0,0,2,2,12,5,129,22,107,32,227,138,60.7929515418502, -0.6875
Moke Douangvily,32,907,128,308,259,151,58.3011583011583,0,0,6,6,22,7,130,31,99,25,285,159,55.7894736842105, 0
Khanh Inthisane,32,705,170,382,289,160,55.363321799308,96,31,0,0,19,5,209,61,148,33,251,133,52.9880478087649, -0.59375
Handa Senichi,32,731,115,326,245,140,57.1428571428571,63,19,0,0,10,4,71,17,54,19,276,155,56.1594202898551, 0.71875
Three Point Masta,32,714,272,557,401,228,56.857855361596,131,51,0,0,21,6,70,19,51,7,186,101,54.3010752688172, -0.40625
Dylan Cass,22,419,26,156,129,77,59.6899224806201,0,0,2,2,10,3,97,18,79,11,127,69,54.3307086614173, 0.818181818181818
tag,32,632,90,159,174,74,42.5287356321839,0,0,24,11,8,6,95,24,71,21,176,103,58.5227272727273, 0.03125
Flaenne Koshiro,23,347,46,108,91,54,59.3406593406593,0,0,0,0,6,3,43,13,30,3,123,59,47.9674796747967, 1.82608695652174
Atomix Kolkon,32,805,113,290,239,104,43.5146443514644,80,29,24,23,16,6,100,20,80,11,309,163,52.7508090614887, -0.5
Kenalat Phothisarath,32,832,164,246,239,103,43.0962343096234,75,20,2,2,15,7,75,20,55,6,250,136,54.4, 0.40625
Kaliso Falnosoko,22,381,44,152,128,76,59.375,0,0,0,0,9,3,91,26,65,2,112,62,55.3571428571429, 0.181818181818182
Pitro Tenopro,2,7,2,0,0,0,0,0,0,0,0,0,0,0,0,0,0,2,2,100, -0.5
Alve Higashikuni ,25,491,63,142,122,69,56.5573770491803,0,0,4,4,10,3,64,7,57,2,182,110,60.4395604395604, -0.92
Yamataka Hiroaki ,1,9,2,0,1,0,0,0,0,0,0,1,0,2,0,2,1,3,1,33.3333333333333, -7
Ixux Naixi,0,0,0,0,0,0,0,0,0,0,0,0,0,0,0,0,0,0,0,0, 0
Transhimalia Disasters players,Games Played,Minutes,Assists,Points,Shots Taken,Shots Made,Field Goal Percentage,Threes Taken,Threes Made,Free Throws Taken,Free Throws Made,Turnovers,Steals,Rebounds,Offensive Rebounds,Defensive Rebounds,Fouls,Opponent Shots Against,Opponent Shots Made,Opponent Shot Percent,Point Differential
Jesse Erickson,32,710,106,238,214,119,55.607476635514,0,0,0,0,7,8,214,47,167,28,210,108,51.4285714285714, -2.09375
Tibiziŋag Ifet,32,850,102,325,279,162,58.0645161290323,0,0,2,1,18,5,137,39,98,28,245,123,50.2040816326531, -0.125
Kalani Phanivong,32,527,78,211,152,88,57.8947368421053,42,16,0,0,10,7,50,9,41,5,194,119,61.340206185567, -0.5
The Dimension Slaughterer,32,745,96,557,408,231,56.6176470588235,125,50,0,0,24,10,79,15,64,10,259,134,51.7374517374517, -0.96875
Steve Masuhiro,32,787,375,291,219,122,55.7077625570776,61,22,0,0,20,5,102,19,83,26,276,147,53.2608695652174, -0.3125
Asser Hutto ,22,313,43,90,94,44,46.8085106382979,0,0,4,2,3,4,59,13,46,13,96,60,62.5, -1.77272727272727
Wakayama Higashikuni,23,310,43,118,97,59,60.8247422680412,0,0,0,0,7,0,34,8,26,15,100,54,54, -0.782608695652174
Eiqe Gekxakŋi,32,732,100,238,234,111,47.4358974358974,0,0,18,16,15,6,82,16,66,40,261,149,57.088122605364, -2.0625
Bótan Kona,32,791,106,286,216,118,54.6296296296296,58,24,1,1,19,9,89,22,67,9,271,132,48.7084870848708, -1.5625
tapakagóp ralkutuk apíghunaɰ,0,0,0,0,0,0,0,0,0,0,0,0,0,0,0,0,0,0,0,0, 0
Ha Chihu,26,513,59,158,152,75,49.3421052631579,0,0,14,8,12,5,103,20,83,16,156,97,62.1794871794872, 0.961538461538462
Qrux'uhz the Enraged,26,376,49,123,120,61,50.8333333333333,0,0,2,1,9,1,48,9,39,3,118,76,64.4067796610169, -2.26923076923077
Guooka,21,277,53,109,84,47,55.952380952381,26,9,0,0,5,2,30,5,25,3,92,53,57.6086956521739, 0.0476190476190476
Tutori Kiakonpalitsei,0,0,0,0,0,0,0,0,0,0,0,0,0,0,0,0,0,0,0,0, 0
Sreotruyphoe the Expunger,32,749,113,242,217,92,42.3963133640553,83,28,10,9,13,7,78,22,56,9,240,142,59.1666666666667, -2.21875
